<?xml version="1.0" encoding="UTF-8"?>
<?xml-stylesheet href="catalogovod.xsl" type="text/xsl"?>
<!--<!DOCTYPE CatalogoVOD SYSTEM "serviciovod_ep.dtd">-->
<CatalogoVOD>
    <cuenta correo="ixchel.cortes@alumno.buap.mx">
        <perfiles>
            <perfil usuario="Vicente" idioma="Español"/>
            <perfil usuario="Ixchel" idioma="Español"/>
        </perfiles>
    </cuenta>
    <contenido>
        <peliculas region="MEX">
            <genero nombre="Super Héroes">
                <titulo duracion="2:37">ETERNALS</titulo>
                <titulo duracion="2:04">CAPITAN AMÉRICA, EL 1ER VENGADOR</titulo>
            </genero>
            <genero nombre="Animadas">
                <titulo duracion="1:40">RED</titulo>
                <titulo duracion="1:47">RAYA</titulo>
            </genero>
        </peliculas>
        <series region="USA">
            <genero nombre="Comedia">
                <titulo duracion="0:30">FRIENDS</titulo>
                <titulo duracion="0:40">HOW I MEET YOUR MOTHER</titulo>
            </genero>
            <genero nombre="Suspenso">
                <titulo duracion="0:30">Stranger Things</titulo>
                <titulo duracion="0:45">Criminal Minds</titulo>
            </genero>
        </series>
    </contenido>
</CatalogoVOD>